split,x,y,linear_prediction,baseline_prediction
train,-0.7046689406673505,0.22460062832417743,-0.09574987733235307,1.6223586553745002
train,-1.710254853329829,-2.659443446133692,-3.1413137553847053,1.6223586553745002
train,0.1435280172267568,2.33869385874346,2.473138552694053,1.6223586553745002
train,0.02974293275768103,2.1925526996467917,2.128523797498623,1.6223586553745002
train,-1.8500173662320605,-3.6892390866953515,-3.564604948549751,1.6223586553745002
train,-1.6371479466245398,-2.8498008255230154,-2.9198988056582724,1.6223586553745002
train,-0.30192324342994414,1.1897197212731392,1.124024318091319,1.6223586553745002
train,-1.1070441415719419,-1.503269653287925,-1.3144019704732033,1.6223586553745002
train,0.5097328896223572,4.025913878556086,3.5822435205449286,1.6223586553745002
train,-0.41327810139687937,0.5908302811063435,0.7867698589752248,1.6223586553745002
train,1.9050204223716802,8.472417569990924,7.808075700300648,1.6223586553745002
train,-0.841562854673295,-0.2964652328493972,-0.5103530995650885,1.6223586553745002
train,-1.4229796665702499,-2.0152524674611114,-2.2712588741073665,1.6223586553745002
train,1.2645054364801256,6.02520621700968,5.8681824700766825,1.6223586553745002
train,-1.27709448030425,-2.328804887226384,-1.8294242699825998,1.6223586553745002
train,-0.5104098290970751,0.18870541525428774,0.49259222823128224,1.6223586553745002
train,0.19097786283823126,2.7023913455578334,2.616847343751841,1.6223586553745002
train,-1.1761651487226938,-1.4745966966485993,-1.5237450409579094,1.6223586553745002
train,0.7215998927271436,3.852758617665262,4.223913698579453,1.6223586553745002
train,0.3422474540305549,3.179385354802118,3.074989404993823,1.6223586553745002
train,-0.18726249451689858,1.2193553070022314,1.4712911510120503,1.6223586553745002
train,0.795977734918285,5.064876973927217,4.449177862140633,1.6223586553745002
train,-1.0236139571113885,-1.5066438499216896,-1.061721465572782,1.6223586553745002
train,1.5005499822937156,6.281581783923309,6.583077869155762,1.6223586553745002
train,0.9177811577568704,4.488863039147883,4.818077326770309,1.6223586553745002
train,-1.5277368869801515,-1.494768047852783,-2.588531423800146,1.6223586553745002
train,-0.3275087128590912,1.027775748771279,1.0465349852404744,1.6223586553745002
train,-0.044147598096777596,1.6381058578949712,1.904735527529108,1.6223586553745002
train,-1.8431709718102494,-3.8639202248876288,-3.5438696426117833,1.6223586553745002
train,0.29210376110953584,2.2838568491030204,2.923121903719803,1.6223586553745002
train,1.501911247323553,6.2652827238479665,6.5872006592139,1.6223586553745002
train,0.3774795084200737,3.7003075869959083,3.1816948300073786,1.6223586553745002
train,0.3195808171299688,2.2218079005756968,3.0063401829710354,1.6223586553745002
train,1.7787243804317496,7.544233478044054,7.425569682237186,1.6223586553745002
train,-0.10360665032142213,1.6164923124412585,1.724655099394285,1.6223586553745002
train,0.8059680852176956,4.296476937599083,4.479435097865441,1.6223586553745002
train,0.5885154181106751,4.507932504731538,3.8208479201932612,1.6223586553745002
train,-0.8616178716234031,-0.6170781687730745,-0.571092648944076,1.6223586553745002
train,-0.4568342302131567,0.5876958129995173,0.6548537582022678,1.6223586553745002
train,-0.15321885480093655,1.4658083973056197,1.574397288529276,1.6223586553745002
test,-1.3278064843738218,-1.8800449730173827,-1.9830129846146543,1.6223586553745002
test,1.072931953890083,5.312380590723127,5.287974184318051,1.6223586553745002
test,-1.482639111925263,-2.441947885173724,-2.451946222120019,1.6223586553745002
test,1.4856878965051976,16.85535727694931,6.53806587061833,1.6223586553745002
test,-1.6776747951994455,-3.5125983609458986,-3.0426402885657184,1.6223586553745002
test,1.53353530576605,6.7591405374470765,6.682978741282371,1.6223586553745002
test,1.2771193513429653,6.043504265825163,5.906385554451022,1.6223586553745002
test,-0.3388139311532057,0.7398077081214519,1.0122954796582118,1.6223586553745002
test,-0.5649153386735009,1.0566118641782918,0.3275143278445489,1.6223586553745002
test,-1.3963163768355642,-2.858163074674075,-2.1905052049643707,1.6223586553745002
test,-1.2951290860385187,-1.8524006680661151,-1.8840447087612007,1.6223586553745002
test,-0.06014907863457353,2.1092733983021867,1.856272705499076,1.6223586553745002
test,0.35649401492902255,3.0665834761484363,3.1181371964579716,1.6223586553745002
test,-0.32421399549868823,1.0634722757421835,1.0565135182080532,1.6223586553745002
test,-0.5229857084210985,-0.4737275672664031,0.45450434004420237,1.6223586553745002
test,0.7619746285439115,3.8853089501633744,4.346194485771355,1.6223586553745002
test,0.06196573228311353,1.7418358885844931,2.2261152544279916,1.6223586553745002
test,-1.7840284271048392,-3.7566232796043924,-3.3647478037487213,1.6223586553745002
test,1.5981320402318087,6.946952965599017,6.878619390829822,1.6223586553745002
test,1.1914924847862642,4.773912732248924,5.647052076831564,1.6223586553745002
test,-0.43048437243492543,0.5579551117883362,0.7346581528647991,1.6223586553745002
test,0.5371582627428362,3.7223693087151726,3.66530527058147,1.6223586553745002
test,-1.7510087135252497,-3.0034359248191604,-3.264742776157025,1.6223586553745002
test,-1.3507872489116104,-1.9399550097778078,-2.0526135880887075,1.6223586553745002
test,-0.6397853910706264,0.08881718392899426,0.10075943375017737,1.6223586553745002
test,-1.3949402708822882,-2.1820181085762322,-2.186337467000964,1.6223586553745002
test,-1.594142527909614,-2.841954981560448,-2.789650610899943,1.6223586553745002
test,1.4973295094952785,6.560709873614294,6.573324196693107,1.6223586553745002
test,0.45627595115391495,3.550340257203369,3.4203413709815025,1.6223586553745002
test,-0.6104418157851939,0.41377916867365705,0.1896307393411687,1.6223586553745002
test,-0.5433462418868702,0.9272835985738909,0.39283948925383183,1.6223586553745002
test,1.9724108868188557,8.45964424826058,8.012177569331483,1.6223586553745002
test,-0.1360421633602651,1.4232315883062079,1.6264194085067252,1.6223586553745002
test,-1.5912495330073262,-2.7565605171961676,-2.7808887530985853,1.6223586553745002
test,-0.6294566470279928,-9.957957235923818,0.13204154437422666,1.6223586553745002
test,-1.354245557894274,-1.3143808515385689,-2.06308758218918,1.6223586553745002
test,-1.9076171158190074,-13.255590985014603,-3.7390542069551307,1.6223586553745002
test,-1.4135898444036372,-2.389399006361426,-2.242820425585097,1.6223586553745002
test,0.17268970352845736,3.0012366979069043,2.5614589809192276,1.6223586553745002
test,1.914004970875891,7.824910644112226,7.835286718315594,1.6223586553745002
test,1.4533001211586756,6.256694746975415,6.439974760307649,1.6223586553745002
test,-0.5332008329552846,0.10682495199393749,0.42356634270417204,1.6223586553745002
test,-1.3318318618626548,-1.9277097646513124,-1.9952044285491217,1.6223586553745002
test,1.1162195653527087,4.860005207628409,5.4190770410482925,1.6223586553745002
test,-0.6813400198089505,0.07916567490195295,-0.025094831566877307,1.6223586553745002
test,1.9397042023635631,8.539400532273131,7.913120596184197,1.6223586553745002
test,1.4105151949866421,6.486500854997444,6.310394359435011,1.6223586553745002
test,0.9594920815028565,-5.814909139423178,4.944404954356725,1.6223586553745002
test,-1.0930420398736604,-1.6517933996064564,-1.2719945594184954,1.6223586553745002
test,-1.8840793970345384,-3.693709860731343,-3.667766786159893,1.6223586553745002
test,-1.888251698311742,-3.72169981412894,-3.680403210256726,1.6223586553745002
test,0.7700877668004935,4.614818870984625,4.370766310516263,1.6223586553745002
test,1.8260603053653512,6.588786534115371,7.568933447875342,1.6223586553745002
test,1.9521522328114407,8.162665642256409,7.950821275367913,1.6223586553745002
test,1.8200025252853327,7.273799423287038,7.550586575708008,1.6223586553745002
test,-1.0926166930770882,-1.065661752270353,-1.2707063344911433,1.6223586553745002
test,-1.213175346322731,-1.4813088586356749,-1.6358358325162494,1.6223586553745002
test,1.601233351536457,7.340390841454863,6.888012165296028,1.6223586553745002
test,1.3617421091171593,5.508099678608412,6.16267794189695,1.6223586553745002
test,1.1985749793986407,5.67057373889185,5.668502446696872,1.6223586553745002
test,-1.6608860541984796,6.549960752122784,-2.991793133184296,1.6223586553745002
test,1.12921153639236,4.64513471318617,5.458425123797683,1.6223586553745002
test,1.0005618393218336,4.753216806329895,5.068790717242623,1.6223586553745002
test,1.1565417240811056,5.504139353455727,5.5411985908452195,1.6223586553745002
test,-0.6699312005415603,0.3254380570301498,0.00945844470167545,1.6223586553745002
test,-0.4166460197222075,-0.26379360087761117,0.7765696261888566,1.6223586553745002
test,-0.3944527285291941,1.4236312304557375,0.8437852515684712,1.6223586553745002
test,-1.319985360112418,-2.170774942307366,-1.9593255669247793,1.6223586553745002
test,-1.4918465308085427,-1.9706606666763014,-2.4798322356449773,1.6223586553745002
test,1.2260079281287846,6.383601942971123,5.751587140574273,1.6223586553745002
test,-1.4153027650245034,-1.7274998779586777,-2.2480082559864485,1.6223586553745002
test,0.6290731709440798,2.8932210235129068,3.943683001163466,1.6223586553745002
test,-0.5983699513699885,0.00276237850537861,0.22619214472755766,1.6223586553745002
test,-1.9430282473755778,-3.892883712111102,-3.8463019933368097,1.6223586553745002
test,1.8835607089510575,7.362346524792792,7.743081822399,1.6223586553745002
test,1.734499220229707,6.808338913316287,7.29162732215002,1.6223586553745002
test,-0.2647622529700575,1.723864190689964,1.2365718078603667,1.6223586553745002
test,-1.1558306506874048,-2.007296763996839,-1.4621590422731905,1.6223586553745002
test,-0.9926607545381847,-11.057119403477216,-0.9679751685334876,1.6223586553745002
test,0.3457486726638468,-6.676774442517934,3.0855933572414083,1.6223586553745002
test,-0.9625408189191593,-1.0727931793683627,-0.8767525422263156,1.6223586553745002
test,1.640068225262226,7.02350435833923,7.005629255132514,1.6223586553745002
test,-0.5848639041869643,9.734289327430682,0.267097182196689,1.6223586553745002
test,1.6171870981681593,6.98910860207888,6.936330418216325,1.6223586553745002
test,-0.31748691716373934,1.45793159652038,1.0768874579418586,1.6223586553745002
test,0.1272998497437352,2.1485708437759734,2.423989176125705,1.6223586553745002
test,0.09402634234866536,12.709935688360266,2.3232154968781256,1.6223586553745002
test,-1.267568450911205,-1.752188203986076,-1.800573297971757,1.6223586553745002
test,-1.984270072697432,-3.878002933238739,-3.9712088877985883,1.6223586553745002
test,-0.10602827015217464,1.4475322270137903,1.7173208698769007,1.6223586553745002
test,0.9007730817895117,4.369152568151486,4.766565883392776,1.6223586553745002
test,0.07339485081214736,2.0967360011803367,2.2607300099766676,1.6223586553745002
test,0.2217674995209875,12.705786244527069,2.710098257590799,1.6223586553745002
test,0.241184534335809,2.5384696358799728,2.768905584847733,1.6223586553745002
test,-1.00602271582764,-1.1338861115391525,-1.0084438208193496,1.6223586553745002
test,0.030855967169282295,2.77083330058922,2.131894784856657,1.6223586553745002
test,0.24691754662590482,2.7961524632615244,2.7862688503064907,1.6223586553745002
test,-0.22700642569024465,0.4378199061047483,1.3509208478592762,1.6223586553745002
test,0.4501115373778415,2.8713699454321318,3.401671543083785,1.6223586553745002
test,0.7709240101929167,4.296053521715473,4.373298995826543,1.6223586553745002
